word,in_doc,TF,IDF,TF.IDF
a,gatech.txt,0.030303030303030304,1.6,0.04848484848484849
access,gatech.txt,0.0,4.0,0.0
achievement,gatech.txt,0.0,8.0,0.0
addition,gatech.txt,0.0,8.0,0.0
advance,gatech.txt,0.030303030303030304,4.0,0.12121212121212122
all,gatech.txt,0.0,8.0,0.0
alumni,gatech.txt,0.0,8.0,0.0
an,gatech.txt,0.0,4.0,0.0
and,gatech.txt,0.06060606060606061,1.0,0.06060606060606061
are,gatech.txt,0.030303030303030304,8.0,0.24242424242424243
arts,gatech.txt,0.0,8.0,0.0
as,gatech.txt,0.0,8.0,0.0
aspiring,gatech.txt,0.0,8.0,0.0
atmosphere,gatech.txt,0.0,8.0,0.0
backgrounds,gatech.txt,0.0,8.0,0.0
by,gatech.txt,0.0,4.0,0.0
carry,gatech.txt,0.0,8.0,0.0
citizen,gatech.txt,0.0,8.0,0.0
citizens,gatech.txt,0.0,4.0,0.0
civic,gatech.txt,0.0,8.0,0.0
class,gatech.txt,0.0,8.0,0.0
college,gatech.txt,0.0,4.0,0.0
commitment,gatech.txt,0.0,8.0,0.0
committed,gatech.txt,0.0,4.0,0.0
communities,gatech.txt,0.0,8.0,0.0
community,gatech.txt,0.0,4.0,0.0
condition,gatech.txt,0.030303030303030304,8.0,0.24242424242424243
continues,gatech.txt,0.0,8.0,0.0
contributions,gatech.txt,0.0,8.0,0.0
cultivates,gatech.txt,0.0,8.0,0.0
culture,gatech.txt,0.0,8.0,0.0
develop,gatech.txt,0.030303030303030304,8.0,0.24242424242424243
discoveries,gatech.txt,0.0,8.0,0.0
diverse,gatech.txt,0.0,4.0,0.0
do,gatech.txt,0.0,8.0,0.0
dynamic,gatech.txt,0.0,8.0,0.0
educate,gatech.txt,0.0,8.0,0.0
educates,gatech.txt,0.0,8.0,0.0
education,gatech.txt,0.0,2.0,0.0
educational,gatech.txt,0.0,8.0,0.0
encourages,gatech.txt,0.0,8.0,0.0
engage,gatech.txt,0.0,8.0,0.0
engagement,gatech.txt,0.0,8.0,0.0
engages,gatech.txt,0.0,8.0,0.0
ensure,gatech.txt,0.0,8.0,0.0
ethical,gatech.txt,0.0,8.0,0.0
everywhere,gatech.txt,0.030303030303030304,8.0,0.24242424242424243
excellence,gatech.txt,0.0,2.6666666666666665,0.0
exchange,gatech.txt,0.0,8.0,0.0
experiential,gatech.txt,0.0,8.0,0.0
extending,gatech.txt,0.0,8.0,0.0
faculty,gatech.txt,0.0,8.0,0.0
financial,gatech.txt,0.0,8.0,0.0
flexible,gatech.txt,0.0,8.0,0.0
focused,gatech.txt,0.030303030303030304,8.0,0.24242424242424243
for,gatech.txt,0.0,2.0,0.0
fosters,gatech.txt,0.0,8.0,0.0
free,gatech.txt,0.0,8.0,0.0
from,gatech.txt,0.0,8.0,0.0
future,gatech.txt,0.0,8.0,0.0
generate,gatech.txt,0.0,8.0,0.0
generations,gatech.txt,0.0,8.0,0.0
georgia,gatech.txt,0.030303030303030304,8.0,0.24242424242424243
global,gatech.txt,0.0,8.0,0.0
globally,gatech.txt,0.0,8.0,0.0
goals,gatech.txt,0.0,8.0,0.0
grant,gatech.txt,0.0,8.0,0.0
growth,gatech.txt,0.0,8.0,0.0
harvard,gatech.txt,0.0,8.0,0.0
health,gatech.txt,0.0,8.0,0.0
human,gatech.txt,0.030303030303030304,8.0,0.24242424242424243
ideas,gatech.txt,0.0,8.0,0.0
impact,gatech.txt,0.030303030303030304,4.0,0.12121212121212122
improve,gatech.txt,0.030303030303030304,8.0,0.24242424242424243
improving,gatech.txt,0.0,8.0,0.0
in,gatech.txt,0.030303030303030304,1.6,0.04848484848484849
inclusion,gatech.txt,0.0,8.0,0.0
inclusive,gatech.txt,0.0,8.0,0.0
innovation,gatech.txt,0.0,8.0,0.0
innovations,gatech.txt,0.0,8.0,0.0
inspire,gatech.txt,0.0,8.0,0.0
institution,gatech.txt,0.0,4.0,0.0
intellectual,gatech.txt,0.0,8.0,0.0
interdependent,gatech.txt,0.0,8.0,0.0
is,gatech.txt,0.030303030303030304,1.6,0.04848484848484849
its,gatech.txt,0.030303030303030304,8.0,0.24242424242424243
knowledge,gatech.txt,0.0,8.0,0.0
land,gatech.txt,0.0,8.0,0.0
leaders,gatech.txt,0.030303030303030304,2.0,0.06060606060606061
leading,gatech.txt,0.0,8.0,0.0
learning,gatech.txt,0.0,8.0,0.0
liberal,gatech.txt,0.0,8.0,0.0
life,gatech.txt,0.0,8.0,0.0
lives,gatech.txt,0.030303030303030304,4.0,0.12121212121212122
local,gatech.txt,0.0,8.0,0.0
locally,gatech.txt,0.0,8.0,0.0
long,gatech.txt,0.0,8.0,0.0
making,gatech.txt,0.030303030303030304,8.0,0.24242424242424243
mission,gatech.txt,0.06060606060606061,2.6666666666666665,0.1616161616161616
nationally,gatech.txt,0.0,8.0,0.0
new,gatech.txt,0.0,8.0,0.0
of,gatech.txt,0.030303030303030304,1.6,0.04848484848484849
on,gatech.txt,0.030303030303030304,8.0,0.24242424242424243
opportunities,gatech.txt,0.0,8.0,0.0
our,gatech.txt,0.0,4.0,0.0
out,gatech.txt,0.0,8.0,0.0
outstanding,gatech.txt,0.0,8.0,0.0
oxford’s,gatech.txt,0.0,8.0,0.0
people,gatech.txt,0.030303030303030304,4.0,0.12121212121212122
personal,gatech.txt,0.0,8.0,0.0
physical,gatech.txt,0.0,8.0,0.0
plan,gatech.txt,0.030303030303030304,8.0,0.24242424242424243
positive,gatech.txt,0.030303030303030304,8.0,0.24242424242424243
power,gatech.txt,0.0,8.0,0.0
practice,gatech.txt,0.0,8.0,0.0
premier,gatech.txt,0.0,8.0,0.0
preparing,gatech.txt,0.0,8.0,0.0
preservation,gatech.txt,0.0,8.0,0.0
professional,gatech.txt,0.0,8.0,0.0
promote,gatech.txt,0.0,8.0,0.0
quality,gatech.txt,0.0,8.0,0.0
research,gatech.txt,0.0,4.0,0.0
resources,gatech.txt,0.0,4.0,0.0
responsibility,gatech.txt,0.0,8.0,0.0
responsible,gatech.txt,0.0,8.0,0.0
scholarship,gatech.txt,0.0,8.0,0.0
sciences,gatech.txt,0.0,8.0,0.0
sectors,gatech.txt,0.0,8.0,0.0
serve,gatech.txt,0.0,8.0,0.0
share,gatech.txt,0.0,8.0,0.0
snow,gatech.txt,0.0,8.0,0.0
society,gatech.txt,0.0,4.0,0.0
southern,gatech.txt,0.0,8.0,0.0
space,gatech.txt,0.0,8.0,0.0
staff,gatech.txt,0.0,8.0,0.0
state,gatech.txt,0.0,8.0,0.0
stewardship,gatech.txt,0.0,8.0,0.0
strategic,gatech.txt,0.030303030303030304,8.0,0.24242424242424243
student,gatech.txt,0.0,8.0,0.0
students,gatech.txt,0.0,2.0,0.0
study,gatech.txt,0.0,8.0,0.0
success,gatech.txt,0.0,8.0,0.0
teaching,gatech.txt,0.0,4.0,0.0
technology,gatech.txt,0.030303030303030304,8.0,0.24242424242424243
tech’s,gatech.txt,0.030303030303030304,8.0,0.24242424242424243
term,gatech.txt,0.0,8.0,0.0
that,gatech.txt,0.0,8.0,0.0
the,gatech.txt,0.06060606060606061,1.6,0.09696969696969698
their,gatech.txt,0.0,8.0,0.0
these,gatech.txt,0.0,8.0,0.0
this,gatech.txt,0.0,4.0,0.0
through,gatech.txt,0.0,2.6666666666666665,0.0
to,gatech.txt,0.030303030303030304,1.0,0.030303030303030304
today,gatech.txt,0.0,8.0,0.0
tradition,gatech.txt,0.0,8.0,0.0
transformative,gatech.txt,0.0,8.0,0.0
university,gatech.txt,0.0,2.6666666666666665,0.0
utah,gatech.txt,0.0,2.6666666666666665,0.0
viability,gatech.txt,0.0,8.0,0.0
we,gatech.txt,0.0,2.0,0.0
who,gatech.txt,0.030303030303030304,4.0,0.12121212121212122
world,gatech.txt,0.0,4.0,0.0
worldwide,gatech.txt,0.0,8.0,0.0
yale,gatech.txt,0.0,8.0,0.0
a,harvard.txt,0.030303030303030304,1.6,0.04848484848484849
access,harvard.txt,0.0,4.0,0.0
achievement,harvard.txt,0.0,8.0,0.0
addition,harvard.txt,0.0,8.0,0.0
advance,harvard.txt,0.0,4.0,0.0
all,harvard.txt,0.0,8.0,0.0
alumni,harvard.txt,0.0,8.0,0.0
an,harvard.txt,0.0,4.0,0.0
and,harvard.txt,0.06060606060606061,1.0,0.06060606060606061
are,harvard.txt,0.0,8.0,0.0
arts,harvard.txt,0.030303030303030304,8.0,0.24242424242424243
as,harvard.txt,0.0,8.0,0.0
aspiring,harvard.txt,0.0,8.0,0.0
atmosphere,harvard.txt,0.0,8.0,0.0
backgrounds,harvard.txt,0.0,8.0,0.0
by,harvard.txt,0.0,4.0,0.0
carry,harvard.txt,0.0,8.0,0.0
citizen,harvard.txt,0.030303030303030304,8.0,0.24242424242424243
citizens,harvard.txt,0.030303030303030304,4.0,0.12121212121212122
civic,harvard.txt,0.0,8.0,0.0
class,harvard.txt,0.0,8.0,0.0
college,harvard.txt,0.030303030303030304,4.0,0.12121212121212122
commitment,harvard.txt,0.030303030303030304,8.0,0.24242424242424243
committed,harvard.txt,0.0,4.0,0.0
communities,harvard.txt,0.0,8.0,0.0
community,harvard.txt,0.0,4.0,0.0
condition,harvard.txt,0.0,8.0,0.0
continues,harvard.txt,0.0,8.0,0.0
contributions,harvard.txt,0.0,8.0,0.0
cultivates,harvard.txt,0.0,8.0,0.0
culture,harvard.txt,0.0,8.0,0.0
develop,harvard.txt,0.0,8.0,0.0
discoveries,harvard.txt,0.0,8.0,0.0
diverse,harvard.txt,0.0,4.0,0.0
do,harvard.txt,0.030303030303030304,8.0,0.24242424242424243
dynamic,harvard.txt,0.0,8.0,0.0
educate,harvard.txt,0.030303030303030304,8.0,0.24242424242424243
educates,harvard.txt,0.0,8.0,0.0
education,harvard.txt,0.030303030303030304,2.0,0.06060606060606061
educational,harvard.txt,0.0,8.0,0.0
encourages,harvard.txt,0.0,8.0,0.0
engage,harvard.txt,0.0,8.0,0.0
engagement,harvard.txt,0.0,8.0,0.0
engages,harvard.txt,0.0,8.0,0.0
ensure,harvard.txt,0.0,8.0,0.0
ethical,harvard.txt,0.0,8.0,0.0
everywhere,harvard.txt,0.0,8.0,0.0
excellence,harvard.txt,0.0,2.6666666666666665,0.0
exchange,harvard.txt,0.0,8.0,0.0
experiential,harvard.txt,0.0,8.0,0.0
extending,harvard.txt,0.0,8.0,0.0
faculty,harvard.txt,0.0,8.0,0.0
financial,harvard.txt,0.0,8.0,0.0
flexible,harvard.txt,0.0,8.0,0.0
focused,harvard.txt,0.0,8.0,0.0
for,harvard.txt,0.030303030303030304,2.0,0.06060606060606061
fosters,harvard.txt,0.0,8.0,0.0
free,harvard.txt,0.0,8.0,0.0
from,harvard.txt,0.0,8.0,0.0
future,harvard.txt,0.0,8.0,0.0
generate,harvard.txt,0.0,8.0,0.0
generations,harvard.txt,0.0,8.0,0.0
georgia,harvard.txt,0.0,8.0,0.0
global,harvard.txt,0.0,8.0,0.0
globally,harvard.txt,0.0,8.0,0.0
goals,harvard.txt,0.0,8.0,0.0
grant,harvard.txt,0.0,8.0,0.0
growth,harvard.txt,0.0,8.0,0.0
harvard,harvard.txt,0.030303030303030304,8.0,0.24242424242424243
health,harvard.txt,0.0,8.0,0.0
human,harvard.txt,0.0,8.0,0.0
ideas,harvard.txt,0.0,8.0,0.0
impact,harvard.txt,0.0,4.0,0.0
improve,harvard.txt,0.0,8.0,0.0
improving,harvard.txt,0.0,8.0,0.0
in,harvard.txt,0.0,1.6,0.0
inclusion,harvard.txt,0.0,8.0,0.0
inclusive,harvard.txt,0.0,8.0,0.0
innovation,harvard.txt,0.0,8.0,0.0
innovations,harvard.txt,0.0,8.0,0.0
inspire,harvard.txt,0.0,8.0,0.0
institution,harvard.txt,0.0,4.0,0.0
intellectual,harvard.txt,0.0,8.0,0.0
interdependent,harvard.txt,0.0,8.0,0.0
is,harvard.txt,0.030303030303030304,1.6,0.04848484848484849
its,harvard.txt,0.0,8.0,0.0
knowledge,harvard.txt,0.0,8.0,0.0
land,harvard.txt,0.0,8.0,0.0
leaders,harvard.txt,0.030303030303030304,2.0,0.06060606060606061
leading,harvard.txt,0.0,8.0,0.0
learning,harvard.txt,0.0,8.0,0.0
liberal,harvard.txt,0.030303030303030304,8.0,0.24242424242424243
life,harvard.txt,0.0,8.0,0.0
lives,harvard.txt,0.0,4.0,0.0
local,harvard.txt,0.0,8.0,0.0
locally,harvard.txt,0.0,8.0,0.0
long,harvard.txt,0.0,8.0,0.0
making,harvard.txt,0.0,8.0,0.0
mission,harvard.txt,0.030303030303030304,2.6666666666666665,0.0808080808080808
nationally,harvard.txt,0.0,8.0,0.0
new,harvard.txt,0.0,8.0,0.0
of,harvard.txt,0.06060606060606061,1.6,0.09696969696969698
on,harvard.txt,0.0,8.0,0.0
opportunities,harvard.txt,0.0,8.0,0.0
our,harvard.txt,0.06060606060606061,4.0,0.24242424242424243
out,harvard.txt,0.0,8.0,0.0
outstanding,harvard.txt,0.0,8.0,0.0
oxford’s,harvard.txt,0.0,8.0,0.0
people,harvard.txt,0.0,4.0,0.0
personal,harvard.txt,0.0,8.0,0.0
physical,harvard.txt,0.0,8.0,0.0
plan,harvard.txt,0.0,8.0,0.0
positive,harvard.txt,0.0,8.0,0.0
power,harvard.txt,0.030303030303030304,8.0,0.24242424242424243
practice,harvard.txt,0.0,8.0,0.0
premier,harvard.txt,0.0,8.0,0.0
preparing,harvard.txt,0.0,8.0,0.0
preservation,harvard.txt,0.0,8.0,0.0
professional,harvard.txt,0.0,8.0,0.0
promote,harvard.txt,0.0,8.0,0.0
quality,harvard.txt,0.0,8.0,0.0
research,harvard.txt,0.0,4.0,0.0
resources,harvard.txt,0.0,4.0,0.0
responsibility,harvard.txt,0.0,8.0,0.0
responsible,harvard.txt,0.0,8.0,0.0
scholarship,harvard.txt,0.0,8.0,0.0
sciences,harvard.txt,0.030303030303030304,8.0,0.24242424242424243
sectors,harvard.txt,0.0,8.0,0.0
serve,harvard.txt,0.0,8.0,0.0
share,harvard.txt,0.0,8.0,0.0
snow,harvard.txt,0.0,8.0,0.0
society,harvard.txt,0.030303030303030304,4.0,0.12121212121212122
southern,harvard.txt,0.0,8.0,0.0
space,harvard.txt,0.0,8.0,0.0
staff,harvard.txt,0.0,8.0,0.0
state,harvard.txt,0.0,8.0,0.0
stewardship,harvard.txt,0.0,8.0,0.0
strategic,harvard.txt,0.0,8.0,0.0
student,harvard.txt,0.0,8.0,0.0
students,harvard.txt,0.0,2.0,0.0
study,harvard.txt,0.0,8.0,0.0
success,harvard.txt,0.0,8.0,0.0
teaching,harvard.txt,0.0,4.0,0.0
technology,harvard.txt,0.0,8.0,0.0
tech’s,harvard.txt,0.0,8.0,0.0
term,harvard.txt,0.0,8.0,0.0
that,harvard.txt,0.0,8.0,0.0
the,harvard.txt,0.09090909090909091,1.6,0.14545454545454548
their,harvard.txt,0.0,8.0,0.0
these,harvard.txt,0.0,8.0,0.0
this,harvard.txt,0.030303030303030304,4.0,0.12121212121212122
through,harvard.txt,0.030303030303030304,2.6666666666666665,0.0808080808080808
to,harvard.txt,0.06060606060606061,1.0,0.06060606060606061
today,harvard.txt,0.0,8.0,0.0
tradition,harvard.txt,0.0,8.0,0.0
transformative,harvard.txt,0.030303030303030304,8.0,0.24242424242424243
university,harvard.txt,0.0,2.6666666666666665,0.0
utah,harvard.txt,0.0,2.6666666666666665,0.0
viability,harvard.txt,0.0,8.0,0.0
we,harvard.txt,0.030303030303030304,2.0,0.06060606060606061
who,harvard.txt,0.0,4.0,0.0
world,harvard.txt,0.0,4.0,0.0
worldwide,harvard.txt,0.0,8.0,0.0
yale,harvard.txt,0.0,8.0,0.0
a,oxford.txt,0.0,1.6,0.0
access,oxford.txt,0.038461538461538464,4.0,0.15384615384615385
achievement,oxford.txt,0.0,8.0,0.0
addition,oxford.txt,0.0,8.0,0.0
advance,oxford.txt,0.0,4.0,0.0
all,oxford.txt,0.0,8.0,0.0
alumni,oxford.txt,0.0,8.0,0.0
an,oxford.txt,0.0,4.0,0.0
and,oxford.txt,0.15384615384615385,1.0,0.15384615384615385
are,oxford.txt,0.0,8.0,0.0
arts,oxford.txt,0.0,8.0,0.0
as,oxford.txt,0.0,8.0,0.0
aspiring,oxford.txt,0.0,8.0,0.0
atmosphere,oxford.txt,0.0,8.0,0.0
backgrounds,oxford.txt,0.0,8.0,0.0
by,oxford.txt,0.038461538461538464,4.0,0.15384615384615385
carry,oxford.txt,0.0,8.0,0.0
citizen,oxford.txt,0.0,8.0,0.0
citizens,oxford.txt,0.0,4.0,0.0
civic,oxford.txt,0.0,8.0,0.0
class,oxford.txt,0.038461538461538464,8.0,0.3076923076923077
college,oxford.txt,0.0,4.0,0.0
commitment,oxford.txt,0.0,8.0,0.0
committed,oxford.txt,0.0,4.0,0.0
communities,oxford.txt,0.0,8.0,0.0
community,oxford.txt,0.0,4.0,0.0
condition,oxford.txt,0.0,8.0,0.0
continues,oxford.txt,0.0,8.0,0.0
contributions,oxford.txt,0.0,8.0,0.0
cultivates,oxford.txt,0.0,8.0,0.0
culture,oxford.txt,0.0,8.0,0.0
develop,oxford.txt,0.0,8.0,0.0
discoveries,oxford.txt,0.0,8.0,0.0
diverse,oxford.txt,0.0,4.0,0.0
do,oxford.txt,0.0,8.0,0.0
dynamic,oxford.txt,0.0,8.0,0.0
educate,oxford.txt,0.0,8.0,0.0
educates,oxford.txt,0.0,8.0,0.0
education,oxford.txt,0.0,2.0,0.0
educational,oxford.txt,0.0,8.0,0.0
encourages,oxford.txt,0.0,8.0,0.0
engage,oxford.txt,0.0,8.0,0.0
engagement,oxford.txt,0.0,8.0,0.0
engages,oxford.txt,0.0,8.0,0.0
ensure,oxford.txt,0.0,8.0,0.0
ethical,oxford.txt,0.0,8.0,0.0
everywhere,oxford.txt,0.0,8.0,0.0
excellence,oxford.txt,0.0,2.6666666666666665,0.0
exchange,oxford.txt,0.0,8.0,0.0
experiential,oxford.txt,0.0,8.0,0.0
extending,oxford.txt,0.038461538461538464,8.0,0.3076923076923077
faculty,oxford.txt,0.0,8.0,0.0
financial,oxford.txt,0.0,8.0,0.0
flexible,oxford.txt,0.038461538461538464,8.0,0.3076923076923077
focused,oxford.txt,0.0,8.0,0.0
for,oxford.txt,0.038461538461538464,2.0,0.07692307692307693
fosters,oxford.txt,0.0,8.0,0.0
free,oxford.txt,0.0,8.0,0.0
from,oxford.txt,0.0,8.0,0.0
future,oxford.txt,0.0,8.0,0.0
generate,oxford.txt,0.0,8.0,0.0
generations,oxford.txt,0.0,8.0,0.0
georgia,oxford.txt,0.0,8.0,0.0
global,oxford.txt,0.0,8.0,0.0
globally,oxford.txt,0.038461538461538464,8.0,0.3076923076923077
goals,oxford.txt,0.0,8.0,0.0
grant,oxford.txt,0.0,8.0,0.0
growth,oxford.txt,0.0,8.0,0.0
harvard,oxford.txt,0.0,8.0,0.0
health,oxford.txt,0.0,8.0,0.0
human,oxford.txt,0.0,8.0,0.0
ideas,oxford.txt,0.0,8.0,0.0
impact,oxford.txt,0.0,4.0,0.0
improve,oxford.txt,0.0,8.0,0.0
improving,oxford.txt,0.0,8.0,0.0
in,oxford.txt,0.0,1.6,0.0
inclusion,oxford.txt,0.0,8.0,0.0
inclusive,oxford.txt,0.038461538461538464,8.0,0.3076923076923077
innovation,oxford.txt,0.0,8.0,0.0
innovations,oxford.txt,0.0,8.0,0.0
inspire,oxford.txt,0.038461538461538464,8.0,0.3076923076923077
institution,oxford.txt,0.0,4.0,0.0
intellectual,oxford.txt,0.0,8.0,0.0
interdependent,oxford.txt,0.0,8.0,0.0
is,oxford.txt,0.0,1.6,0.0
its,oxford.txt,0.0,8.0,0.0
knowledge,oxford.txt,0.0,8.0,0.0
land,oxford.txt,0.0,8.0,0.0
leaders,oxford.txt,0.0,2.0,0.0
leading,oxford.txt,0.0,8.0,0.0
learning,oxford.txt,0.0,8.0,0.0
liberal,oxford.txt,0.0,8.0,0.0
life,oxford.txt,0.0,8.0,0.0
lives,oxford.txt,0.0,4.0,0.0
local,oxford.txt,0.0,8.0,0.0
locally,oxford.txt,0.038461538461538464,8.0,0.3076923076923077
long,oxford.txt,0.0,8.0,0.0
making,oxford.txt,0.0,8.0,0.0
mission,oxford.txt,0.0,2.6666666666666665,0.0
nationally,oxford.txt,0.038461538461538464,8.0,0.3076923076923077
new,oxford.txt,0.0,8.0,0.0
of,oxford.txt,0.0,1.6,0.0
on,oxford.txt,0.0,8.0,0.0
opportunities,oxford.txt,0.038461538461538464,8.0,0.3076923076923077
our,oxford.txt,0.0,4.0,0.0
out,oxford.txt,0.0,8.0,0.0
outstanding,oxford.txt,0.0,8.0,0.0
oxford’s,oxford.txt,0.038461538461538464,8.0,0.3076923076923077
people,oxford.txt,0.038461538461538464,4.0,0.15384615384615385
personal,oxford.txt,0.0,8.0,0.0
physical,oxford.txt,0.0,8.0,0.0
plan,oxford.txt,0.0,8.0,0.0
positive,oxford.txt,0.0,8.0,0.0
power,oxford.txt,0.0,8.0,0.0
practice,oxford.txt,0.0,8.0,0.0
premier,oxford.txt,0.0,8.0,0.0
preparing,oxford.txt,0.0,8.0,0.0
preservation,oxford.txt,0.0,8.0,0.0
professional,oxford.txt,0.0,8.0,0.0
promote,oxford.txt,0.0,8.0,0.0
quality,oxford.txt,0.0,8.0,0.0
research,oxford.txt,0.038461538461538464,4.0,0.15384615384615385
resources,oxford.txt,0.038461538461538464,4.0,0.15384615384615385
responsibility,oxford.txt,0.0,8.0,0.0
responsible,oxford.txt,0.0,8.0,0.0
scholarship,oxford.txt,0.0,8.0,0.0
sciences,oxford.txt,0.0,8.0,0.0
sectors,oxford.txt,0.0,8.0,0.0
serve,oxford.txt,0.0,8.0,0.0
share,oxford.txt,0.0,8.0,0.0
snow,oxford.txt,0.0,8.0,0.0
society,oxford.txt,0.0,4.0,0.0
southern,oxford.txt,0.0,8.0,0.0
space,oxford.txt,0.0,8.0,0.0
staff,oxford.txt,0.0,8.0,0.0
state,oxford.txt,0.0,8.0,0.0
stewardship,oxford.txt,0.0,8.0,0.0
strategic,oxford.txt,0.0,8.0,0.0
student,oxford.txt,0.0,8.0,0.0
students,oxford.txt,0.0,2.0,0.0
study,oxford.txt,0.038461538461538464,8.0,0.3076923076923077
success,oxford.txt,0.0,8.0,0.0
teaching,oxford.txt,0.038461538461538464,4.0,0.15384615384615385
technology,oxford.txt,0.0,8.0,0.0
tech’s,oxford.txt,0.0,8.0,0.0
term,oxford.txt,0.0,8.0,0.0
that,oxford.txt,0.0,8.0,0.0
the,oxford.txt,0.0,1.6,0.0
their,oxford.txt,0.0,8.0,0.0
these,oxford.txt,0.0,8.0,0.0
this,oxford.txt,0.0,4.0,0.0
through,oxford.txt,0.038461538461538464,2.6666666666666665,0.10256410256410256
to,oxford.txt,0.038461538461538464,1.0,0.038461538461538464
today,oxford.txt,0.0,8.0,0.0
tradition,oxford.txt,0.0,8.0,0.0
transformative,oxford.txt,0.0,8.0,0.0
university,oxford.txt,0.0,2.6666666666666665,0.0
utah,oxford.txt,0.0,2.6666666666666665,0.0
viability,oxford.txt,0.0,8.0,0.0
we,oxford.txt,0.038461538461538464,2.0,0.07692307692307693
who,oxford.txt,0.0,4.0,0.0
world,oxford.txt,0.038461538461538464,4.0,0.15384615384615385
worldwide,oxford.txt,0.0,8.0,0.0
yale,oxford.txt,0.0,8.0,0.0
a,snow.txt,0.07142857142857142,1.6,0.11428571428571428
access,snow.txt,0.0,4.0,0.0
achievement,snow.txt,0.03571428571428571,8.0,0.2857142857142857
addition,snow.txt,0.0,8.0,0.0
advance,snow.txt,0.03571428571428571,4.0,0.14285714285714285
all,snow.txt,0.0,8.0,0.0
alumni,snow.txt,0.0,8.0,0.0
an,snow.txt,0.03571428571428571,4.0,0.14285714285714285
and,snow.txt,0.03571428571428571,1.0,0.03571428571428571
are,snow.txt,0.0,8.0,0.0
arts,snow.txt,0.0,8.0,0.0
as,snow.txt,0.0,8.0,0.0
aspiring,snow.txt,0.0,8.0,0.0
atmosphere,snow.txt,0.03571428571428571,8.0,0.2857142857142857
backgrounds,snow.txt,0.0,8.0,0.0
by,snow.txt,0.0,4.0,0.0
carry,snow.txt,0.0,8.0,0.0
citizen,snow.txt,0.0,8.0,0.0
citizens,snow.txt,0.0,4.0,0.0
civic,snow.txt,0.0,8.0,0.0
class,snow.txt,0.0,8.0,0.0
college,snow.txt,0.03571428571428571,4.0,0.14285714285714285
commitment,snow.txt,0.0,8.0,0.0
committed,snow.txt,0.0,4.0,0.0
communities,snow.txt,0.0,8.0,0.0
community,snow.txt,0.0,4.0,0.0
condition,snow.txt,0.0,8.0,0.0
continues,snow.txt,0.03571428571428571,8.0,0.2857142857142857
contributions,snow.txt,0.0,8.0,0.0
cultivates,snow.txt,0.03571428571428571,8.0,0.2857142857142857
culture,snow.txt,0.03571428571428571,8.0,0.2857142857142857
develop,snow.txt,0.0,8.0,0.0
discoveries,snow.txt,0.0,8.0,0.0
diverse,snow.txt,0.0,4.0,0.0
do,snow.txt,0.0,8.0,0.0
dynamic,snow.txt,0.0,8.0,0.0
educate,snow.txt,0.0,8.0,0.0
educates,snow.txt,0.0,8.0,0.0
education,snow.txt,0.0,2.0,0.0
educational,snow.txt,0.03571428571428571,8.0,0.2857142857142857
encourages,snow.txt,0.03571428571428571,8.0,0.2857142857142857
engage,snow.txt,0.0,8.0,0.0
engagement,snow.txt,0.03571428571428571,8.0,0.2857142857142857
engages,snow.txt,0.0,8.0,0.0
ensure,snow.txt,0.0,8.0,0.0
ethical,snow.txt,0.0,8.0,0.0
everywhere,snow.txt,0.0,8.0,0.0
excellence,snow.txt,0.03571428571428571,2.6666666666666665,0.09523809523809523
exchange,snow.txt,0.0,8.0,0.0
experiential,snow.txt,0.0,8.0,0.0
extending,snow.txt,0.0,8.0,0.0
faculty,snow.txt,0.0,8.0,0.0
financial,snow.txt,0.0,8.0,0.0
flexible,snow.txt,0.0,8.0,0.0
focused,snow.txt,0.0,8.0,0.0
for,snow.txt,0.0,2.0,0.0
fosters,snow.txt,0.0,8.0,0.0
free,snow.txt,0.0,8.0,0.0
from,snow.txt,0.0,8.0,0.0
future,snow.txt,0.0,8.0,0.0
generate,snow.txt,0.0,8.0,0.0
generations,snow.txt,0.0,8.0,0.0
georgia,snow.txt,0.0,8.0,0.0
global,snow.txt,0.0,8.0,0.0
globally,snow.txt,0.0,8.0,0.0
goals,snow.txt,0.03571428571428571,8.0,0.2857142857142857
grant,snow.txt,0.0,8.0,0.0
growth,snow.txt,0.0,8.0,0.0
harvard,snow.txt,0.0,8.0,0.0
health,snow.txt,0.0,8.0,0.0
human,snow.txt,0.0,8.0,0.0
ideas,snow.txt,0.0,8.0,0.0
impact,snow.txt,0.0,4.0,0.0
improve,snow.txt,0.0,8.0,0.0
improving,snow.txt,0.0,8.0,0.0
in,snow.txt,0.03571428571428571,1.6,0.05714285714285714
inclusion,snow.txt,0.0,8.0,0.0
inclusive,snow.txt,0.0,8.0,0.0
innovation,snow.txt,0.03571428571428571,8.0,0.2857142857142857
innovations,snow.txt,0.0,8.0,0.0
inspire,snow.txt,0.0,8.0,0.0
institution,snow.txt,0.0,4.0,0.0
intellectual,snow.txt,0.0,8.0,0.0
interdependent,snow.txt,0.0,8.0,0.0
is,snow.txt,0.0,1.6,0.0
its,snow.txt,0.0,8.0,0.0
knowledge,snow.txt,0.0,8.0,0.0
land,snow.txt,0.0,8.0,0.0
leaders,snow.txt,0.0,2.0,0.0
leading,snow.txt,0.0,8.0,0.0
learning,snow.txt,0.0,8.0,0.0
liberal,snow.txt,0.0,8.0,0.0
life,snow.txt,0.0,8.0,0.0
lives,snow.txt,0.0,4.0,0.0
local,snow.txt,0.0,8.0,0.0
locally,snow.txt,0.0,8.0,0.0
long,snow.txt,0.0,8.0,0.0
making,snow.txt,0.0,8.0,0.0
mission,snow.txt,0.0,2.6666666666666665,0.0
nationally,snow.txt,0.0,8.0,0.0
new,snow.txt,0.0,8.0,0.0
of,snow.txt,0.14285714285714285,1.6,0.22857142857142856
on,snow.txt,0.0,8.0,0.0
opportunities,snow.txt,0.0,8.0,0.0
our,snow.txt,0.0,4.0,0.0
out,snow.txt,0.0,8.0,0.0
outstanding,snow.txt,0.0,8.0,0.0
oxford’s,snow.txt,0.0,8.0,0.0
people,snow.txt,0.0,4.0,0.0
personal,snow.txt,0.0,8.0,0.0
physical,snow.txt,0.0,8.0,0.0
plan,snow.txt,0.0,8.0,0.0
positive,snow.txt,0.0,8.0,0.0
power,snow.txt,0.0,8.0,0.0
practice,snow.txt,0.0,8.0,0.0
premier,snow.txt,0.0,8.0,0.0
preparing,snow.txt,0.0,8.0,0.0
preservation,snow.txt,0.0,8.0,0.0
professional,snow.txt,0.0,8.0,0.0
promote,snow.txt,0.0,8.0,0.0
quality,snow.txt,0.0,8.0,0.0
research,snow.txt,0.0,4.0,0.0
resources,snow.txt,0.0,4.0,0.0
responsibility,snow.txt,0.0,8.0,0.0
responsible,snow.txt,0.0,8.0,0.0
scholarship,snow.txt,0.0,8.0,0.0
sciences,snow.txt,0.0,8.0,0.0
sectors,snow.txt,0.0,8.0,0.0
serve,snow.txt,0.0,8.0,0.0
share,snow.txt,0.0,8.0,0.0
snow,snow.txt,0.03571428571428571,8.0,0.2857142857142857
society,snow.txt,0.0,4.0,0.0
southern,snow.txt,0.0,8.0,0.0
space,snow.txt,0.0,8.0,0.0
staff,snow.txt,0.0,8.0,0.0
state,snow.txt,0.0,8.0,0.0
stewardship,snow.txt,0.0,8.0,0.0
strategic,snow.txt,0.0,8.0,0.0
student,snow.txt,0.0,8.0,0.0
students,snow.txt,0.03571428571428571,2.0,0.07142857142857142
study,snow.txt,0.0,8.0,0.0
success,snow.txt,0.0,8.0,0.0
teaching,snow.txt,0.0,4.0,0.0
technology,snow.txt,0.0,8.0,0.0
tech’s,snow.txt,0.0,8.0,0.0
term,snow.txt,0.0,8.0,0.0
that,snow.txt,0.0,8.0,0.0
the,snow.txt,0.03571428571428571,1.6,0.05714285714285714
their,snow.txt,0.03571428571428571,8.0,0.2857142857142857
these,snow.txt,0.0,8.0,0.0
this,snow.txt,0.0,4.0,0.0
through,snow.txt,0.0,2.6666666666666665,0.0
to,snow.txt,0.03571428571428571,1.0,0.03571428571428571
today,snow.txt,0.0,8.0,0.0
tradition,snow.txt,0.03571428571428571,8.0,0.2857142857142857
transformative,snow.txt,0.0,8.0,0.0
university,snow.txt,0.0,2.6666666666666665,0.0
utah,snow.txt,0.0,2.6666666666666665,0.0
viability,snow.txt,0.0,8.0,0.0
we,snow.txt,0.0,2.0,0.0
who,snow.txt,0.0,4.0,0.0
world,snow.txt,0.0,4.0,0.0
worldwide,snow.txt,0.0,8.0,0.0
yale,snow.txt,0.0,8.0,0.0
a,suu.txt,0.04,1.6,0.064
access,suu.txt,0.0,4.0,0.0
achievement,suu.txt,0.0,8.0,0.0
addition,suu.txt,0.0,8.0,0.0
advance,suu.txt,0.0,4.0,0.0
all,suu.txt,0.0,8.0,0.0
alumni,suu.txt,0.0,8.0,0.0
an,suu.txt,0.0,4.0,0.0
and,suu.txt,0.08,1.0,0.08
are,suu.txt,0.0,8.0,0.0
arts,suu.txt,0.0,8.0,0.0
as,suu.txt,0.0,8.0,0.0
aspiring,suu.txt,0.0,8.0,0.0
atmosphere,suu.txt,0.0,8.0,0.0
backgrounds,suu.txt,0.0,8.0,0.0
by,suu.txt,0.0,4.0,0.0
carry,suu.txt,0.0,8.0,0.0
citizen,suu.txt,0.0,8.0,0.0
citizens,suu.txt,0.0,4.0,0.0
civic,suu.txt,0.04,8.0,0.32
class,suu.txt,0.0,8.0,0.0
college,suu.txt,0.0,4.0,0.0
commitment,suu.txt,0.0,8.0,0.0
committed,suu.txt,0.0,4.0,0.0
communities,suu.txt,0.0,8.0,0.0
community,suu.txt,0.04,4.0,0.16
condition,suu.txt,0.0,8.0,0.0
continues,suu.txt,0.0,8.0,0.0
contributions,suu.txt,0.0,8.0,0.0
cultivates,suu.txt,0.0,8.0,0.0
culture,suu.txt,0.0,8.0,0.0
develop,suu.txt,0.0,8.0,0.0
discoveries,suu.txt,0.0,8.0,0.0
diverse,suu.txt,0.0,4.0,0.0
do,suu.txt,0.0,8.0,0.0
dynamic,suu.txt,0.04,8.0,0.32
educate,suu.txt,0.0,8.0,0.0
educates,suu.txt,0.0,8.0,0.0
education,suu.txt,0.04,2.0,0.08
educational,suu.txt,0.0,8.0,0.0
encourages,suu.txt,0.0,8.0,0.0
engage,suu.txt,0.0,8.0,0.0
engagement,suu.txt,0.0,8.0,0.0
engages,suu.txt,0.04,8.0,0.32
ensure,suu.txt,0.0,8.0,0.0
ethical,suu.txt,0.0,8.0,0.0
everywhere,suu.txt,0.0,8.0,0.0
excellence,suu.txt,0.04,2.6666666666666665,0.10666666666666666
exchange,suu.txt,0.0,8.0,0.0
experiential,suu.txt,0.04,8.0,0.32
extending,suu.txt,0.0,8.0,0.0
faculty,suu.txt,0.0,8.0,0.0
financial,suu.txt,0.0,8.0,0.0
flexible,suu.txt,0.0,8.0,0.0
focused,suu.txt,0.0,8.0,0.0
for,suu.txt,0.0,2.0,0.0
fosters,suu.txt,0.0,8.0,0.0
free,suu.txt,0.0,8.0,0.0
from,suu.txt,0.0,8.0,0.0
future,suu.txt,0.0,8.0,0.0
generate,suu.txt,0.0,8.0,0.0
generations,suu.txt,0.0,8.0,0.0
georgia,suu.txt,0.0,8.0,0.0
global,suu.txt,0.0,8.0,0.0
globally,suu.txt,0.0,8.0,0.0
goals,suu.txt,0.0,8.0,0.0
grant,suu.txt,0.0,8.0,0.0
growth,suu.txt,0.04,8.0,0.32
harvard,suu.txt,0.0,8.0,0.0
health,suu.txt,0.0,8.0,0.0
human,suu.txt,0.0,8.0,0.0
ideas,suu.txt,0.0,8.0,0.0
impact,suu.txt,0.0,4.0,0.0
improve,suu.txt,0.0,8.0,0.0
improving,suu.txt,0.0,8.0,0.0
in,suu.txt,0.04,1.6,0.064
inclusion,suu.txt,0.0,8.0,0.0
inclusive,suu.txt,0.0,8.0,0.0
innovation,suu.txt,0.0,8.0,0.0
innovations,suu.txt,0.0,8.0,0.0
inspire,suu.txt,0.0,8.0,0.0
institution,suu.txt,0.0,4.0,0.0
intellectual,suu.txt,0.0,8.0,0.0
interdependent,suu.txt,0.0,8.0,0.0
is,suu.txt,0.04,1.6,0.064
its,suu.txt,0.0,8.0,0.0
knowledge,suu.txt,0.0,8.0,0.0
land,suu.txt,0.0,8.0,0.0
leaders,suu.txt,0.0,2.0,0.0
leading,suu.txt,0.04,8.0,0.32
learning,suu.txt,0.04,8.0,0.32
liberal,suu.txt,0.0,8.0,0.0
life,suu.txt,0.0,8.0,0.0
lives,suu.txt,0.0,4.0,0.0
local,suu.txt,0.0,8.0,0.0
locally,suu.txt,0.0,8.0,0.0
long,suu.txt,0.0,8.0,0.0
making,suu.txt,0.0,8.0,0.0
mission,suu.txt,0.0,2.6666666666666665,0.0
nationally,suu.txt,0.0,8.0,0.0
new,suu.txt,0.0,8.0,0.0
of,suu.txt,0.0,1.6,0.0
on,suu.txt,0.0,8.0,0.0
opportunities,suu.txt,0.0,8.0,0.0
our,suu.txt,0.0,4.0,0.0
out,suu.txt,0.0,8.0,0.0
outstanding,suu.txt,0.0,8.0,0.0
oxford’s,suu.txt,0.0,8.0,0.0
people,suu.txt,0.0,4.0,0.0
personal,suu.txt,0.04,8.0,0.32
physical,suu.txt,0.0,8.0,0.0
plan,suu.txt,0.0,8.0,0.0
positive,suu.txt,0.0,8.0,0.0
power,suu.txt,0.0,8.0,0.0
practice,suu.txt,0.0,8.0,0.0
premier,suu.txt,0.0,8.0,0.0
preparing,suu.txt,0.0,8.0,0.0
preservation,suu.txt,0.0,8.0,0.0
professional,suu.txt,0.04,8.0,0.32
promote,suu.txt,0.0,8.0,0.0
quality,suu.txt,0.0,8.0,0.0
research,suu.txt,0.0,4.0,0.0
resources,suu.txt,0.0,4.0,0.0
responsibility,suu.txt,0.04,8.0,0.32
responsible,suu.txt,0.0,8.0,0.0
scholarship,suu.txt,0.0,8.0,0.0
sciences,suu.txt,0.0,8.0,0.0
sectors,suu.txt,0.0,8.0,0.0
serve,suu.txt,0.0,8.0,0.0
share,suu.txt,0.0,8.0,0.0
snow,suu.txt,0.0,8.0,0.0
society,suu.txt,0.0,4.0,0.0
southern,suu.txt,0.04,8.0,0.32
space,suu.txt,0.0,8.0,0.0
staff,suu.txt,0.0,8.0,0.0
state,suu.txt,0.0,8.0,0.0
stewardship,suu.txt,0.0,8.0,0.0
strategic,suu.txt,0.0,8.0,0.0
student,suu.txt,0.0,8.0,0.0
students,suu.txt,0.04,2.0,0.08
study,suu.txt,0.0,8.0,0.0
success,suu.txt,0.0,8.0,0.0
teaching,suu.txt,0.04,4.0,0.16
technology,suu.txt,0.0,8.0,0.0
tech’s,suu.txt,0.0,8.0,0.0
term,suu.txt,0.0,8.0,0.0
that,suu.txt,0.04,8.0,0.32
the,suu.txt,0.0,1.6,0.0
their,suu.txt,0.0,8.0,0.0
these,suu.txt,0.0,8.0,0.0
this,suu.txt,0.0,4.0,0.0
through,suu.txt,0.0,2.6666666666666665,0.0
to,suu.txt,0.04,1.0,0.04
today,suu.txt,0.0,8.0,0.0
tradition,suu.txt,0.0,8.0,0.0
transformative,suu.txt,0.0,8.0,0.0
university,suu.txt,0.04,2.6666666666666665,0.10666666666666666
utah,suu.txt,0.04,2.6666666666666665,0.10666666666666666
viability,suu.txt,0.0,8.0,0.0
we,suu.txt,0.0,2.0,0.0
who,suu.txt,0.0,4.0,0.0
world,suu.txt,0.0,4.0,0.0
worldwide,suu.txt,0.0,8.0,0.0
yale,suu.txt,0.0,8.0,0.0
a,usu.txt,0.058823529411764705,1.6,0.09411764705882353
access,usu.txt,0.058823529411764705,4.0,0.23529411764705882
achievement,usu.txt,0.0,8.0,0.0
addition,usu.txt,0.0,8.0,0.0
advance,usu.txt,0.0,4.0,0.0
all,usu.txt,0.0,8.0,0.0
alumni,usu.txt,0.0,8.0,0.0
an,usu.txt,0.0,4.0,0.0
and,usu.txt,0.11764705882352941,1.0,0.11764705882352941
are,usu.txt,0.0,8.0,0.0
arts,usu.txt,0.0,8.0,0.0
as,usu.txt,0.0,8.0,0.0
aspiring,usu.txt,0.0,8.0,0.0
atmosphere,usu.txt,0.0,8.0,0.0
backgrounds,usu.txt,0.0,8.0,0.0
by,usu.txt,0.0,4.0,0.0
carry,usu.txt,0.0,8.0,0.0
citizen,usu.txt,0.0,8.0,0.0
citizens,usu.txt,0.0,4.0,0.0
civic,usu.txt,0.0,8.0,0.0
class,usu.txt,0.0,8.0,0.0
college,usu.txt,0.0,4.0,0.0
commitment,usu.txt,0.0,8.0,0.0
committed,usu.txt,0.058823529411764705,4.0,0.23529411764705882
communities,usu.txt,0.0,8.0,0.0
community,usu.txt,0.0,4.0,0.0
condition,usu.txt,0.0,8.0,0.0
continues,usu.txt,0.0,8.0,0.0
contributions,usu.txt,0.0,8.0,0.0
cultivates,usu.txt,0.0,8.0,0.0
culture,usu.txt,0.0,8.0,0.0
develop,usu.txt,0.0,8.0,0.0
discoveries,usu.txt,0.0,8.0,0.0
diverse,usu.txt,0.0,4.0,0.0
do,usu.txt,0.0,8.0,0.0
dynamic,usu.txt,0.0,8.0,0.0
educate,usu.txt,0.0,8.0,0.0
educates,usu.txt,0.0,8.0,0.0
education,usu.txt,0.0,2.0,0.0
educational,usu.txt,0.0,8.0,0.0
encourages,usu.txt,0.0,8.0,0.0
engage,usu.txt,0.0,8.0,0.0
engagement,usu.txt,0.0,8.0,0.0
engages,usu.txt,0.0,8.0,0.0
ensure,usu.txt,0.0,8.0,0.0
ethical,usu.txt,0.0,8.0,0.0
everywhere,usu.txt,0.0,8.0,0.0
excellence,usu.txt,0.058823529411764705,2.6666666666666665,0.1568627450980392
exchange,usu.txt,0.0,8.0,0.0
experiential,usu.txt,0.0,8.0,0.0
extending,usu.txt,0.0,8.0,0.0
faculty,usu.txt,0.0,8.0,0.0
financial,usu.txt,0.0,8.0,0.0
flexible,usu.txt,0.0,8.0,0.0
focused,usu.txt,0.0,8.0,0.0
for,usu.txt,0.0,2.0,0.0
fosters,usu.txt,0.0,8.0,0.0
free,usu.txt,0.0,8.0,0.0
from,usu.txt,0.0,8.0,0.0
future,usu.txt,0.0,8.0,0.0
generate,usu.txt,0.0,8.0,0.0
generations,usu.txt,0.0,8.0,0.0
georgia,usu.txt,0.0,8.0,0.0
global,usu.txt,0.0,8.0,0.0
globally,usu.txt,0.0,8.0,0.0
goals,usu.txt,0.0,8.0,0.0
grant,usu.txt,0.058823529411764705,8.0,0.47058823529411764
growth,usu.txt,0.0,8.0,0.0
harvard,usu.txt,0.0,8.0,0.0
health,usu.txt,0.0,8.0,0.0
human,usu.txt,0.0,8.0,0.0
ideas,usu.txt,0.0,8.0,0.0
impact,usu.txt,0.0,4.0,0.0
improve,usu.txt,0.0,8.0,0.0
improving,usu.txt,0.0,8.0,0.0
in,usu.txt,0.0,1.6,0.0
inclusion,usu.txt,0.058823529411764705,8.0,0.47058823529411764
inclusive,usu.txt,0.0,8.0,0.0
innovation,usu.txt,0.0,8.0,0.0
innovations,usu.txt,0.0,8.0,0.0
inspire,usu.txt,0.0,8.0,0.0
institution,usu.txt,0.058823529411764705,4.0,0.23529411764705882
intellectual,usu.txt,0.0,8.0,0.0
interdependent,usu.txt,0.0,8.0,0.0
is,usu.txt,0.058823529411764705,1.6,0.09411764705882353
its,usu.txt,0.0,8.0,0.0
knowledge,usu.txt,0.0,8.0,0.0
land,usu.txt,0.058823529411764705,8.0,0.47058823529411764
leaders,usu.txt,0.0,2.0,0.0
leading,usu.txt,0.0,8.0,0.0
learning,usu.txt,0.0,8.0,0.0
liberal,usu.txt,0.0,8.0,0.0
life,usu.txt,0.0,8.0,0.0
lives,usu.txt,0.0,4.0,0.0
local,usu.txt,0.0,8.0,0.0
locally,usu.txt,0.0,8.0,0.0
long,usu.txt,0.0,8.0,0.0
making,usu.txt,0.0,8.0,0.0
mission,usu.txt,0.0,2.6666666666666665,0.0
nationally,usu.txt,0.0,8.0,0.0
new,usu.txt,0.0,8.0,0.0
of,usu.txt,0.0,1.6,0.0
on,usu.txt,0.0,8.0,0.0
opportunities,usu.txt,0.0,8.0,0.0
our,usu.txt,0.0,4.0,0.0
out,usu.txt,0.0,8.0,0.0
outstanding,usu.txt,0.0,8.0,0.0
oxford’s,usu.txt,0.0,8.0,0.0
people,usu.txt,0.0,4.0,0.0
personal,usu.txt,0.0,8.0,0.0
physical,usu.txt,0.0,8.0,0.0
plan,usu.txt,0.0,8.0,0.0
positive,usu.txt,0.0,8.0,0.0
power,usu.txt,0.0,8.0,0.0
practice,usu.txt,0.0,8.0,0.0
premier,usu.txt,0.058823529411764705,8.0,0.47058823529411764
preparing,usu.txt,0.0,8.0,0.0
preservation,usu.txt,0.0,8.0,0.0
professional,usu.txt,0.0,8.0,0.0
promote,usu.txt,0.0,8.0,0.0
quality,usu.txt,0.0,8.0,0.0
research,usu.txt,0.0,4.0,0.0
resources,usu.txt,0.0,4.0,0.0
responsibility,usu.txt,0.0,8.0,0.0
responsible,usu.txt,0.0,8.0,0.0
scholarship,usu.txt,0.0,8.0,0.0
sciences,usu.txt,0.0,8.0,0.0
sectors,usu.txt,0.0,8.0,0.0
serve,usu.txt,0.0,8.0,0.0
share,usu.txt,0.0,8.0,0.0
snow,usu.txt,0.0,8.0,0.0
society,usu.txt,0.0,4.0,0.0
southern,usu.txt,0.0,8.0,0.0
space,usu.txt,0.058823529411764705,8.0,0.47058823529411764
staff,usu.txt,0.0,8.0,0.0
state,usu.txt,0.058823529411764705,8.0,0.47058823529411764
stewardship,usu.txt,0.0,8.0,0.0
strategic,usu.txt,0.0,8.0,0.0
student,usu.txt,0.0,8.0,0.0
students,usu.txt,0.0,2.0,0.0
study,usu.txt,0.0,8.0,0.0
success,usu.txt,0.0,8.0,0.0
teaching,usu.txt,0.0,4.0,0.0
technology,usu.txt,0.0,8.0,0.0
tech’s,usu.txt,0.0,8.0,0.0
term,usu.txt,0.0,8.0,0.0
that,usu.txt,0.0,8.0,0.0
the,usu.txt,0.0,1.6,0.0
their,usu.txt,0.0,8.0,0.0
these,usu.txt,0.0,8.0,0.0
this,usu.txt,0.0,4.0,0.0
through,usu.txt,0.0,2.6666666666666665,0.0
to,usu.txt,0.058823529411764705,1.0,0.058823529411764705
today,usu.txt,0.0,8.0,0.0
tradition,usu.txt,0.0,8.0,0.0
transformative,usu.txt,0.0,8.0,0.0
university,usu.txt,0.058823529411764705,2.6666666666666665,0.1568627450980392
utah,usu.txt,0.058823529411764705,2.6666666666666665,0.1568627450980392
viability,usu.txt,0.0,8.0,0.0
we,usu.txt,0.0,2.0,0.0
who,usu.txt,0.0,4.0,0.0
world,usu.txt,0.0,4.0,0.0
worldwide,usu.txt,0.0,8.0,0.0
yale,usu.txt,0.0,8.0,0.0
a,utah.txt,0.0,1.6,0.0
access,utah.txt,0.0,4.0,0.0
achievement,utah.txt,0.0,8.0,0.0
addition,utah.txt,0.014492753623188406,8.0,0.11594202898550725
advance,utah.txt,0.0,4.0,0.0
all,utah.txt,0.0,8.0,0.0
alumni,utah.txt,0.0,8.0,0.0
an,utah.txt,0.0,4.0,0.0
and,utah.txt,0.11594202898550725,1.0,0.11594202898550725
are,utah.txt,0.0,8.0,0.0
arts,utah.txt,0.0,8.0,0.0
as,utah.txt,0.014492753623188406,8.0,0.11594202898550725
aspiring,utah.txt,0.0,8.0,0.0
atmosphere,utah.txt,0.0,8.0,0.0
backgrounds,utah.txt,0.014492753623188406,8.0,0.11594202898550725
by,utah.txt,0.014492753623188406,4.0,0.057971014492753624
carry,utah.txt,0.0,8.0,0.0
citizen,utah.txt,0.0,8.0,0.0
citizens,utah.txt,0.014492753623188406,4.0,0.057971014492753624
civic,utah.txt,0.0,8.0,0.0
class,utah.txt,0.0,8.0,0.0
college,utah.txt,0.0,4.0,0.0
commitment,utah.txt,0.0,8.0,0.0
committed,utah.txt,0.0,4.0,0.0
communities,utah.txt,0.014492753623188406,8.0,0.11594202898550725
community,utah.txt,0.0,4.0,0.0
condition,utah.txt,0.0,8.0,0.0
continues,utah.txt,0.0,8.0,0.0
contributions,utah.txt,0.014492753623188406,8.0,0.11594202898550725
cultivates,utah.txt,0.0,8.0,0.0
culture,utah.txt,0.0,8.0,0.0
develop,utah.txt,0.0,8.0,0.0
discoveries,utah.txt,0.014492753623188406,8.0,0.11594202898550725
diverse,utah.txt,0.014492753623188406,4.0,0.057971014492753624
do,utah.txt,0.0,8.0,0.0
dynamic,utah.txt,0.0,8.0,0.0
educate,utah.txt,0.0,8.0,0.0
educates,utah.txt,0.0,8.0,0.0
education,utah.txt,0.014492753623188406,2.0,0.028985507246376812
educational,utah.txt,0.0,8.0,0.0
encourages,utah.txt,0.0,8.0,0.0
engage,utah.txt,0.014492753623188406,8.0,0.11594202898550725
engagement,utah.txt,0.0,8.0,0.0
engages,utah.txt,0.0,8.0,0.0
ensure,utah.txt,0.014492753623188406,8.0,0.11594202898550725
ethical,utah.txt,0.0,8.0,0.0
everywhere,utah.txt,0.0,8.0,0.0
excellence,utah.txt,0.0,2.6666666666666665,0.0
exchange,utah.txt,0.0,8.0,0.0
experiential,utah.txt,0.0,8.0,0.0
extending,utah.txt,0.0,8.0,0.0
faculty,utah.txt,0.0,8.0,0.0
financial,utah.txt,0.014492753623188406,8.0,0.11594202898550725
flexible,utah.txt,0.0,8.0,0.0
focused,utah.txt,0.0,8.0,0.0
for,utah.txt,0.014492753623188406,2.0,0.028985507246376812
fosters,utah.txt,0.014492753623188406,8.0,0.11594202898550725
free,utah.txt,0.0,8.0,0.0
from,utah.txt,0.014492753623188406,8.0,0.11594202898550725
future,utah.txt,0.0,8.0,0.0
generate,utah.txt,0.014492753623188406,8.0,0.11594202898550725
generations,utah.txt,0.0,8.0,0.0
georgia,utah.txt,0.0,8.0,0.0
global,utah.txt,0.014492753623188406,8.0,0.11594202898550725
globally,utah.txt,0.0,8.0,0.0
goals,utah.txt,0.0,8.0,0.0
grant,utah.txt,0.0,8.0,0.0
growth,utah.txt,0.0,8.0,0.0
harvard,utah.txt,0.0,8.0,0.0
health,utah.txt,0.014492753623188406,8.0,0.11594202898550725
human,utah.txt,0.0,8.0,0.0
ideas,utah.txt,0.0,8.0,0.0
impact,utah.txt,0.014492753623188406,4.0,0.057971014492753624
improve,utah.txt,0.0,8.0,0.0
improving,utah.txt,0.0,8.0,0.0
in,utah.txt,0.014492753623188406,1.6,0.02318840579710145
inclusion,utah.txt,0.0,8.0,0.0
inclusive,utah.txt,0.0,8.0,0.0
innovation,utah.txt,0.0,8.0,0.0
innovations,utah.txt,0.014492753623188406,8.0,0.11594202898550725
inspire,utah.txt,0.0,8.0,0.0
institution,utah.txt,0.014492753623188406,4.0,0.057971014492753624
intellectual,utah.txt,0.014492753623188406,8.0,0.11594202898550725
interdependent,utah.txt,0.0,8.0,0.0
is,utah.txt,0.0,1.6,0.0
its,utah.txt,0.0,8.0,0.0
knowledge,utah.txt,0.014492753623188406,8.0,0.11594202898550725
land,utah.txt,0.0,8.0,0.0
leaders,utah.txt,0.014492753623188406,2.0,0.028985507246376812
leading,utah.txt,0.0,8.0,0.0
learning,utah.txt,0.0,8.0,0.0
liberal,utah.txt,0.0,8.0,0.0
life,utah.txt,0.014492753623188406,8.0,0.11594202898550725
lives,utah.txt,0.014492753623188406,4.0,0.057971014492753624
local,utah.txt,0.014492753623188406,8.0,0.11594202898550725
locally,utah.txt,0.0,8.0,0.0
long,utah.txt,0.014492753623188406,8.0,0.11594202898550725
making,utah.txt,0.0,8.0,0.0
mission,utah.txt,0.0,2.6666666666666665,0.0
nationally,utah.txt,0.0,8.0,0.0
new,utah.txt,0.014492753623188406,8.0,0.11594202898550725
of,utah.txt,0.07246376811594203,1.6,0.11594202898550726
on,utah.txt,0.0,8.0,0.0
opportunities,utah.txt,0.0,8.0,0.0
our,utah.txt,0.014492753623188406,4.0,0.057971014492753624
out,utah.txt,0.0,8.0,0.0
outstanding,utah.txt,0.0,8.0,0.0
oxford’s,utah.txt,0.0,8.0,0.0
people,utah.txt,0.0,4.0,0.0
personal,utah.txt,0.0,8.0,0.0
physical,utah.txt,0.014492753623188406,8.0,0.11594202898550725
plan,utah.txt,0.0,8.0,0.0
positive,utah.txt,0.0,8.0,0.0
power,utah.txt,0.0,8.0,0.0
practice,utah.txt,0.0,8.0,0.0
premier,utah.txt,0.0,8.0,0.0
preparing,utah.txt,0.014492753623188406,8.0,0.11594202898550725
preservation,utah.txt,0.0,8.0,0.0
professional,utah.txt,0.0,8.0,0.0
promote,utah.txt,0.014492753623188406,8.0,0.11594202898550725
quality,utah.txt,0.014492753623188406,8.0,0.11594202898550725
research,utah.txt,0.0,4.0,0.0
resources,utah.txt,0.014492753623188406,4.0,0.057971014492753624
responsibility,utah.txt,0.0,8.0,0.0
responsible,utah.txt,0.014492753623188406,8.0,0.11594202898550725
scholarship,utah.txt,0.0,8.0,0.0
sciences,utah.txt,0.0,8.0,0.0
sectors,utah.txt,0.0,8.0,0.0
serve,utah.txt,0.0,8.0,0.0
share,utah.txt,0.014492753623188406,8.0,0.11594202898550725
snow,utah.txt,0.0,8.0,0.0
society,utah.txt,0.0,4.0,0.0
southern,utah.txt,0.0,8.0,0.0
space,utah.txt,0.0,8.0,0.0
staff,utah.txt,0.0,8.0,0.0
state,utah.txt,0.0,8.0,0.0
stewardship,utah.txt,0.014492753623188406,8.0,0.11594202898550725
strategic,utah.txt,0.0,8.0,0.0
student,utah.txt,0.014492753623188406,8.0,0.11594202898550725
students,utah.txt,0.014492753623188406,2.0,0.028985507246376812
study,utah.txt,0.0,8.0,0.0
success,utah.txt,0.028985507246376812,8.0,0.2318840579710145
teaching,utah.txt,0.0,4.0,0.0
technology,utah.txt,0.0,8.0,0.0
tech’s,utah.txt,0.0,8.0,0.0
term,utah.txt,0.014492753623188406,8.0,0.11594202898550725
that,utah.txt,0.0,8.0,0.0
the,utah.txt,0.043478260869565216,1.6,0.06956521739130435
their,utah.txt,0.0,8.0,0.0
these,utah.txt,0.014492753623188406,8.0,0.11594202898550725
this,utah.txt,0.0,4.0,0.0
through,utah.txt,0.0,2.6666666666666665,0.0
to,utah.txt,0.028985507246376812,1.0,0.028985507246376812
today,utah.txt,0.0,8.0,0.0
tradition,utah.txt,0.0,8.0,0.0
transformative,utah.txt,0.0,8.0,0.0
university,utah.txt,0.014492753623188406,2.6666666666666665,0.03864734299516908
utah,utah.txt,0.014492753623188406,2.6666666666666665,0.03864734299516908
viability,utah.txt,0.014492753623188406,8.0,0.11594202898550725
we,utah.txt,0.028985507246376812,2.0,0.057971014492753624
who,utah.txt,0.0,4.0,0.0
world,utah.txt,0.0,4.0,0.0
worldwide,utah.txt,0.0,8.0,0.0
yale,utah.txt,0.0,8.0,0.0
a,yale.txt,0.0,1.6,0.0
access,yale.txt,0.0,4.0,0.0
achievement,yale.txt,0.0,8.0,0.0
addition,yale.txt,0.0,8.0,0.0
advance,yale.txt,0.0,4.0,0.0
all,yale.txt,0.017857142857142856,8.0,0.14285714285714285
alumni,yale.txt,0.017857142857142856,8.0,0.14285714285714285
an,yale.txt,0.017857142857142856,4.0,0.07142857142857142
and,yale.txt,0.08928571428571429,1.0,0.08928571428571429
are,yale.txt,0.0,8.0,0.0
arts,yale.txt,0.0,8.0,0.0
as,yale.txt,0.0,8.0,0.0
aspiring,yale.txt,0.017857142857142856,8.0,0.14285714285714285
atmosphere,yale.txt,0.0,8.0,0.0
backgrounds,yale.txt,0.0,8.0,0.0
by,yale.txt,0.0,4.0,0.0
carry,yale.txt,0.017857142857142856,8.0,0.14285714285714285
citizen,yale.txt,0.0,8.0,0.0
citizens,yale.txt,0.0,4.0,0.0
civic,yale.txt,0.0,8.0,0.0
class,yale.txt,0.0,8.0,0.0
college,yale.txt,0.0,4.0,0.0
commitment,yale.txt,0.0,8.0,0.0
committed,yale.txt,0.017857142857142856,4.0,0.07142857142857142
communities,yale.txt,0.0,8.0,0.0
community,yale.txt,0.017857142857142856,4.0,0.07142857142857142
condition,yale.txt,0.0,8.0,0.0
continues,yale.txt,0.0,8.0,0.0
contributions,yale.txt,0.0,8.0,0.0
cultivates,yale.txt,0.0,8.0,0.0
culture,yale.txt,0.0,8.0,0.0
develop,yale.txt,0.0,8.0,0.0
discoveries,yale.txt,0.0,8.0,0.0
diverse,yale.txt,0.017857142857142856,4.0,0.07142857142857142
do,yale.txt,0.0,8.0,0.0
dynamic,yale.txt,0.0,8.0,0.0
educate,yale.txt,0.0,8.0,0.0
educates,yale.txt,0.017857142857142856,8.0,0.14285714285714285
education,yale.txt,0.017857142857142856,2.0,0.03571428571428571
educational,yale.txt,0.0,8.0,0.0
encourages,yale.txt,0.0,8.0,0.0
engage,yale.txt,0.0,8.0,0.0
engagement,yale.txt,0.0,8.0,0.0
engages,yale.txt,0.0,8.0,0.0
ensure,yale.txt,0.0,8.0,0.0
ethical,yale.txt,0.017857142857142856,8.0,0.14285714285714285
everywhere,yale.txt,0.0,8.0,0.0
excellence,yale.txt,0.0,2.6666666666666665,0.0
exchange,yale.txt,0.017857142857142856,8.0,0.14285714285714285
experiential,yale.txt,0.0,8.0,0.0
extending,yale.txt,0.0,8.0,0.0
faculty,yale.txt,0.017857142857142856,8.0,0.14285714285714285
financial,yale.txt,0.0,8.0,0.0
flexible,yale.txt,0.0,8.0,0.0
focused,yale.txt,0.0,8.0,0.0
for,yale.txt,0.017857142857142856,2.0,0.03571428571428571
fosters,yale.txt,0.0,8.0,0.0
free,yale.txt,0.017857142857142856,8.0,0.14285714285714285
from,yale.txt,0.0,8.0,0.0
future,yale.txt,0.017857142857142856,8.0,0.14285714285714285
generate,yale.txt,0.0,8.0,0.0
generations,yale.txt,0.017857142857142856,8.0,0.14285714285714285
georgia,yale.txt,0.0,8.0,0.0
global,yale.txt,0.0,8.0,0.0
globally,yale.txt,0.0,8.0,0.0
goals,yale.txt,0.0,8.0,0.0
grant,yale.txt,0.0,8.0,0.0
growth,yale.txt,0.0,8.0,0.0
harvard,yale.txt,0.0,8.0,0.0
health,yale.txt,0.0,8.0,0.0
human,yale.txt,0.0,8.0,0.0
ideas,yale.txt,0.017857142857142856,8.0,0.14285714285714285
impact,yale.txt,0.0,4.0,0.0
improve,yale.txt,0.0,8.0,0.0
improving,yale.txt,0.017857142857142856,8.0,0.14285714285714285
in,yale.txt,0.017857142857142856,1.6,0.02857142857142857
inclusion,yale.txt,0.0,8.0,0.0
inclusive,yale.txt,0.0,8.0,0.0
innovation,yale.txt,0.0,8.0,0.0
innovations,yale.txt,0.0,8.0,0.0
inspire,yale.txt,0.0,8.0,0.0
institution,yale.txt,0.0,4.0,0.0
intellectual,yale.txt,0.0,8.0,0.0
interdependent,yale.txt,0.017857142857142856,8.0,0.14285714285714285
is,yale.txt,0.017857142857142856,1.6,0.02857142857142857
its,yale.txt,0.0,8.0,0.0
knowledge,yale.txt,0.0,8.0,0.0
land,yale.txt,0.0,8.0,0.0
leaders,yale.txt,0.017857142857142856,2.0,0.03571428571428571
leading,yale.txt,0.0,8.0,0.0
learning,yale.txt,0.0,8.0,0.0
liberal,yale.txt,0.0,8.0,0.0
life,yale.txt,0.0,8.0,0.0
lives,yale.txt,0.0,4.0,0.0
local,yale.txt,0.0,8.0,0.0
locally,yale.txt,0.0,8.0,0.0
long,yale.txt,0.0,8.0,0.0
making,yale.txt,0.0,8.0,0.0
mission,yale.txt,0.017857142857142856,2.6666666666666665,0.047619047619047616
nationally,yale.txt,0.0,8.0,0.0
new,yale.txt,0.0,8.0,0.0
of,yale.txt,0.05357142857142857,1.6,0.08571428571428572
on,yale.txt,0.0,8.0,0.0
opportunities,yale.txt,0.0,8.0,0.0
our,yale.txt,0.0,4.0,0.0
out,yale.txt,0.017857142857142856,8.0,0.14285714285714285
outstanding,yale.txt,0.017857142857142856,8.0,0.14285714285714285
oxford’s,yale.txt,0.0,8.0,0.0
people,yale.txt,0.0,4.0,0.0
personal,yale.txt,0.0,8.0,0.0
physical,yale.txt,0.0,8.0,0.0
plan,yale.txt,0.0,8.0,0.0
positive,yale.txt,0.0,8.0,0.0
power,yale.txt,0.0,8.0,0.0
practice,yale.txt,0.017857142857142856,8.0,0.14285714285714285
premier,yale.txt,0.0,8.0,0.0
preparing,yale.txt,0.0,8.0,0.0
preservation,yale.txt,0.017857142857142856,8.0,0.14285714285714285
professional,yale.txt,0.0,8.0,0.0
promote,yale.txt,0.0,8.0,0.0
quality,yale.txt,0.0,8.0,0.0
research,yale.txt,0.017857142857142856,4.0,0.07142857142857142
resources,yale.txt,0.0,4.0,0.0
responsibility,yale.txt,0.0,8.0,0.0
responsible,yale.txt,0.0,8.0,0.0
scholarship,yale.txt,0.017857142857142856,8.0,0.14285714285714285
sciences,yale.txt,0.0,8.0,0.0
sectors,yale.txt,0.017857142857142856,8.0,0.14285714285714285
serve,yale.txt,0.017857142857142856,8.0,0.14285714285714285
share,yale.txt,0.0,8.0,0.0
snow,yale.txt,0.0,8.0,0.0
society,yale.txt,0.017857142857142856,4.0,0.07142857142857142
southern,yale.txt,0.0,8.0,0.0
space,yale.txt,0.0,8.0,0.0
staff,yale.txt,0.017857142857142856,8.0,0.14285714285714285
state,yale.txt,0.0,8.0,0.0
stewardship,yale.txt,0.0,8.0,0.0
strategic,yale.txt,0.0,8.0,0.0
student,yale.txt,0.0,8.0,0.0
students,yale.txt,0.017857142857142856,2.0,0.03571428571428571
study,yale.txt,0.0,8.0,0.0
success,yale.txt,0.0,8.0,0.0
teaching,yale.txt,0.0,4.0,0.0
technology,yale.txt,0.0,8.0,0.0
tech’s,yale.txt,0.0,8.0,0.0
term,yale.txt,0.0,8.0,0.0
that,yale.txt,0.0,8.0,0.0
the,yale.txt,0.03571428571428571,1.6,0.05714285714285714
their,yale.txt,0.0,8.0,0.0
these,yale.txt,0.0,8.0,0.0
this,yale.txt,0.017857142857142856,4.0,0.07142857142857142
through,yale.txt,0.03571428571428571,2.6666666666666665,0.09523809523809523
to,yale.txt,0.017857142857142856,1.0,0.017857142857142856
today,yale.txt,0.017857142857142856,8.0,0.14285714285714285
tradition,yale.txt,0.0,8.0,0.0
transformative,yale.txt,0.0,8.0,0.0
university,yale.txt,0.0,2.6666666666666665,0.0
utah,yale.txt,0.0,2.6666666666666665,0.0
viability,yale.txt,0.0,8.0,0.0
we,yale.txt,0.017857142857142856,2.0,0.03571428571428571
who,yale.txt,0.017857142857142856,4.0,0.07142857142857142
world,yale.txt,0.017857142857142856,4.0,0.07142857142857142
worldwide,yale.txt,0.017857142857142856,8.0,0.14285714285714285
yale,yale.txt,0.03571428571428571,8.0,0.2857142857142857
